{"cameraMode":{"drawMode":0,"name":"Shaded","section":"Shading Mode"},"sceneLighting":true,"audioPlay":false,"sceneViewState":{"showFog":true,"showMaterialUpdate":false,"showSkybox":true,"showFlares":true,"showImageEffects":true,"showParticleSystems":true},"in2DMode":false,"pivot":{"x":0.003500014543533325,"y":-0.0040000081062316898,"z":0.0},"rotation":{"x":-0.007496046368032694,"y":-0.03149401396512985,"z":-0.00023692830291111022,"w":0.9994778037071228},"size":9.362428665161133,"orthographic":true}